{"cameraMode":{"drawMode":0,"name":"Shaded","section":"Shading Mode"},"sceneLighting":true,"audioPlay":false,"sceneViewState":{"m_AlwaysRefresh":false,"showFog":true,"showSkybox":true,"showFlares":true,"showImageEffects":true,"showParticleSystems":true,"showVisualEffectGraphs":true,"m_FxEnabled":true},"in2DMode":false,"pivot":{"x":473.3800048828125,"y":0.42799997329711916,"z":59.459999084472659},"rotation":{"x":-0.02897632122039795,"y":0.2590886354446411,"z":-0.007754611782729626,"w":-0.9654093980789185},"size":0.517821192741394,"orthographic":true}