{"cameraMode":{"drawMode":0,"name":"Shaded","section":"Shading Mode"},"sceneLighting":true,"audioPlay":false,"sceneViewState":{"m_AlwaysRefresh":false,"showFog":true,"showSkybox":true,"showFlares":true,"showImageEffects":true,"showParticleSystems":true,"showVisualEffectGraphs":true,"m_FxEnabled":true},"in2DMode":false,"pivot":{"x":-14.989540100097657,"y":4.4410529136657719,"z":-55.54468536376953},"rotation":{"x":0.050211939960718158,"y":0.08080844581127167,"z":-0.004075977951288223,"w":0.9954559803009033},"size":13.229524612426758,"orthographic":true}