{"cameraMode":{"drawMode":0,"name":"Shaded","section":"Shading Mode"},"sceneLighting":true,"audioPlay":false,"sceneViewState":{"m_AlwaysRefresh":false,"showFog":true,"showSkybox":true,"showFlares":true,"showImageEffects":true,"showParticleSystems":true,"showVisualEffectGraphs":true,"m_FxEnabled":true},"in2DMode":false,"pivot":{"x":1.4800000190734864,"y":14.907910346984864,"z":47.310001373291019},"rotation":{"x":-0.41321879625320437,"y":-0.008476289920508862,"z":0.0038404343649744989,"w":-0.9105975031852722},"size":51.3598747253418,"orthographic":true}