{"cameraMode":{"drawMode":0,"name":"Shaded","section":"Shading Mode"},"sceneLighting":true,"audioPlay":false,"sceneViewState":{"m_AlwaysRefresh":false,"showFog":true,"showSkybox":true,"showFlares":true,"showImageEffects":true,"showParticleSystems":true,"showVisualEffectGraphs":true,"m_FxEnabled":true},"in2DMode":false,"pivot":{"x":7.843523979187012,"y":-5.184315204620361,"z":6.055209159851074},"rotation":{"x":0.009880620054900647,"y":-0.9833921194076538,"z":0.17224812507629395,"w":0.056406524032354358},"size":26.818344116210939,"orthographic":true}