{"cameraMode":{"drawMode":0,"name":"Shaded","section":"Shading Mode"},"sceneLighting":true,"audioPlay":false,"sceneViewState":{"m_AlwaysRefresh":false,"showFog":true,"showSkybox":true,"showFlares":true,"showImageEffects":true,"showParticleSystems":true,"showVisualEffectGraphs":true,"m_FxEnabled":true},"in2DMode":false,"pivot":{"x":1.5999984741210938,"y":3.60768461227417,"z":119.9000015258789},"rotation":{"x":0.34066152572631838,"y":0.14306969940662385,"z":-0.052522655576467517,"w":0.9277719259262085},"size":168.9452362060547,"orthographic":true}